, where, what, value
0, Driver, kernel_time, 0.000052000000
1, Driver, total_time, 0.000068519000
2, GPU[1].CommandProcessor, kernel_time, 0.000049644000
3, GPU[1].SA[0].CU[0], cu_inst_count, 1466.000000000000
4, GPU[1].SA[0].CU[0], cu_CPI, 35.470668485675
5, GPU[1].SA[0].CU[0], cu_IPC, 0.028192307692
6, GPU[1].SA[0].CU[0], simd_inst_count, 952.000000000000
7, GPU[1].SA[0].CU[0], simd_CPI, 54.621848739496
8, GPU[1].SA[0].CU[1], cu_inst_count, 1466.000000000000
9, GPU[1].SA[0].CU[1], cu_CPI, 35.470668485675
10, GPU[1].SA[0].CU[1], cu_IPC, 0.028192307692
11, GPU[1].SA[0].CU[1], simd_inst_count, 952.000000000000
12, GPU[1].SA[0].CU[1], simd_CPI, 54.621848739496
13, GPU[1].SA[0].CU[2], cu_inst_count, 1466.000000000000
14, GPU[1].SA[0].CU[2], cu_CPI, 35.470668485675
15, GPU[1].SA[0].CU[2], cu_IPC, 0.028192307692
16, GPU[1].SA[0].CU[2], simd_inst_count, 952.000000000000
17, GPU[1].SA[0].CU[2], simd_CPI, 54.621848739496
18, GPU[1].SA[0].CU[3], cu_inst_count, 1432.000000000000
19, GPU[1].SA[0].CU[3], cu_CPI, 36.312849162011
20, GPU[1].SA[0].CU[3], cu_IPC, 0.027538461538
21, GPU[1].SA[0].CU[3], simd_inst_count, 931.000000000000
22, GPU[1].SA[0].CU[3], simd_CPI, 55.853920515575
23, GPU[1].SA[1].CU[0], cu_inst_count, 0.000000000000
24, GPU[1].SA[1].CU[0], cu_CPI, +Inf
25, GPU[1].SA[1].CU[0], cu_IPC, 0.000000000000
26, GPU[1].SA[1].CU[0], simd_inst_count, 0.000000000000
27, GPU[1].SA[1].CU[0], simd_CPI, +Inf
28, GPU[1].SA[1].CU[1], cu_inst_count, 0.000000000000
29, GPU[1].SA[1].CU[1], cu_CPI, +Inf
30, GPU[1].SA[1].CU[1], cu_IPC, 0.000000000000
31, GPU[1].SA[1].CU[1], simd_inst_count, 0.000000000000
32, GPU[1].SA[1].CU[1], simd_CPI, +Inf
33, GPU[1].SA[1].CU[2], cu_inst_count, 0.000000000000
34, GPU[1].SA[1].CU[2], cu_CPI, +Inf
35, GPU[1].SA[1].CU[2], cu_IPC, 0.000000000000
36, GPU[1].SA[1].CU[2], simd_inst_count, 0.000000000000
37, GPU[1].SA[1].CU[2], simd_CPI, +Inf
38, GPU[1].SA[1].CU[3], cu_inst_count, 0.000000000000
39, GPU[1].SA[1].CU[3], cu_CPI, +Inf
40, GPU[1].SA[1].CU[3], cu_IPC, 0.000000000000
41, GPU[1].SA[1].CU[3], simd_inst_count, 0.000000000000
42, GPU[1].SA[1].CU[3], simd_CPI, +Inf
43, GPU[1].SA[2].CU[0], cu_inst_count, 0.000000000000
44, GPU[1].SA[2].CU[0], cu_CPI, +Inf
45, GPU[1].SA[2].CU[0], cu_IPC, 0.000000000000
46, GPU[1].SA[2].CU[0], simd_inst_count, 0.000000000000
47, GPU[1].SA[2].CU[0], simd_CPI, +Inf
48, GPU[1].SA[2].CU[1], cu_inst_count, 0.000000000000
49, GPU[1].SA[2].CU[1], cu_CPI, +Inf
50, GPU[1].SA[2].CU[1], cu_IPC, 0.000000000000
51, GPU[1].SA[2].CU[1], simd_inst_count, 0.000000000000
52, GPU[1].SA[2].CU[1], simd_CPI, +Inf
53, GPU[1].SA[2].CU[2], cu_inst_count, 0.000000000000
54, GPU[1].SA[2].CU[2], cu_CPI, +Inf
55, GPU[1].SA[2].CU[2], cu_IPC, 0.000000000000
56, GPU[1].SA[2].CU[2], simd_inst_count, 0.000000000000
57, GPU[1].SA[2].CU[2], simd_CPI, +Inf
58, GPU[1].SA[2].CU[3], cu_inst_count, 0.000000000000
59, GPU[1].SA[2].CU[3], cu_CPI, +Inf
60, GPU[1].SA[2].CU[3], cu_IPC, 0.000000000000
61, GPU[1].SA[2].CU[3], simd_inst_count, 0.000000000000
62, GPU[1].SA[2].CU[3], simd_CPI, +Inf
63, GPU[1].SA[3].CU[0], cu_inst_count, 0.000000000000
64, GPU[1].SA[3].CU[0], cu_CPI, +Inf
65, GPU[1].SA[3].CU[0], cu_IPC, 0.000000000000
66, GPU[1].SA[3].CU[0], simd_inst_count, 0.000000000000
67, GPU[1].SA[3].CU[0], simd_CPI, +Inf
68, GPU[1].SA[3].CU[1], cu_inst_count, 0.000000000000
69, GPU[1].SA[3].CU[1], cu_CPI, +Inf
70, GPU[1].SA[3].CU[1], cu_IPC, 0.000000000000
71, GPU[1].SA[3].CU[1], simd_inst_count, 0.000000000000
72, GPU[1].SA[3].CU[1], simd_CPI, +Inf
73, GPU[1].SA[3].CU[2], cu_inst_count, 0.000000000000
74, GPU[1].SA[3].CU[2], cu_CPI, +Inf
75, GPU[1].SA[3].CU[2], cu_IPC, 0.000000000000
76, GPU[1].SA[3].CU[2], simd_inst_count, 0.000000000000
77, GPU[1].SA[3].CU[2], simd_CPI, +Inf
78, GPU[1].SA[3].CU[3], cu_inst_count, 0.000000000000
79, GPU[1].SA[3].CU[3], cu_CPI, +Inf
80, GPU[1].SA[3].CU[3], cu_IPC, 0.000000000000
81, GPU[1].SA[3].CU[3], simd_inst_count, 0.000000000000
82, GPU[1].SA[3].CU[3], simd_CPI, +Inf
83, GPU[1].SA[4].CU[0], cu_inst_count, 0.000000000000
84, GPU[1].SA[4].CU[0], cu_CPI, +Inf
85, GPU[1].SA[4].CU[0], cu_IPC, 0.000000000000
86, GPU[1].SA[4].CU[0], simd_inst_count, 0.000000000000
87, GPU[1].SA[4].CU[0], simd_CPI, +Inf
88, GPU[1].SA[4].CU[1], cu_inst_count, 0.000000000000
89, GPU[1].SA[4].CU[1], cu_CPI, +Inf
90, GPU[1].SA[4].CU[1], cu_IPC, 0.000000000000
91, GPU[1].SA[4].CU[1], simd_inst_count, 0.000000000000
92, GPU[1].SA[4].CU[1], simd_CPI, +Inf
93, GPU[1].SA[4].CU[2], cu_inst_count, 0.000000000000
94, GPU[1].SA[4].CU[2], cu_CPI, +Inf
95, GPU[1].SA[4].CU[2], cu_IPC, 0.000000000000
96, GPU[1].SA[4].CU[2], simd_inst_count, 0.000000000000
97, GPU[1].SA[4].CU[2], simd_CPI, +Inf
98, GPU[1].SA[4].CU[3], cu_inst_count, 0.000000000000
99, GPU[1].SA[4].CU[3], cu_CPI, +Inf
100, GPU[1].SA[4].CU[3], cu_IPC, 0.000000000000
101, GPU[1].SA[4].CU[3], simd_inst_count, 0.000000000000
102, GPU[1].SA[4].CU[3], simd_CPI, +Inf
103, GPU[1].SA[5].CU[0], cu_inst_count, 0.000000000000
104, GPU[1].SA[5].CU[0], cu_CPI, +Inf
105, GPU[1].SA[5].CU[0], cu_IPC, 0.000000000000
106, GPU[1].SA[5].CU[0], simd_inst_count, 0.000000000000
107, GPU[1].SA[5].CU[0], simd_CPI, +Inf
108, GPU[1].SA[5].CU[1], cu_inst_count, 0.000000000000
109, GPU[1].SA[5].CU[1], cu_CPI, +Inf
110, GPU[1].SA[5].CU[1], cu_IPC, 0.000000000000
111, GPU[1].SA[5].CU[1], simd_inst_count, 0.000000000000
112, GPU[1].SA[5].CU[1], simd_CPI, +Inf
113, GPU[1].SA[5].CU[2], cu_inst_count, 0.000000000000
114, GPU[1].SA[5].CU[2], cu_CPI, +Inf
115, GPU[1].SA[5].CU[2], cu_IPC, 0.000000000000
116, GPU[1].SA[5].CU[2], simd_inst_count, 0.000000000000
117, GPU[1].SA[5].CU[2], simd_CPI, +Inf
118, GPU[1].SA[5].CU[3], cu_inst_count, 0.000000000000
119, GPU[1].SA[5].CU[3], cu_CPI, +Inf
120, GPU[1].SA[5].CU[3], cu_IPC, 0.000000000000
121, GPU[1].SA[5].CU[3], simd_inst_count, 0.000000000000
122, GPU[1].SA[5].CU[3], simd_CPI, +Inf
123, GPU[1].SA[6].CU[0], cu_inst_count, 0.000000000000
124, GPU[1].SA[6].CU[0], cu_CPI, +Inf
125, GPU[1].SA[6].CU[0], cu_IPC, 0.000000000000
126, GPU[1].SA[6].CU[0], simd_inst_count, 0.000000000000
127, GPU[1].SA[6].CU[0], simd_CPI, +Inf
128, GPU[1].SA[6].CU[1], cu_inst_count, 0.000000000000
129, GPU[1].SA[6].CU[1], cu_CPI, +Inf
130, GPU[1].SA[6].CU[1], cu_IPC, 0.000000000000
131, GPU[1].SA[6].CU[1], simd_inst_count, 0.000000000000
132, GPU[1].SA[6].CU[1], simd_CPI, +Inf
133, GPU[1].SA[6].CU[2], cu_inst_count, 0.000000000000
134, GPU[1].SA[6].CU[2], cu_CPI, +Inf
135, GPU[1].SA[6].CU[2], cu_IPC, 0.000000000000
136, GPU[1].SA[6].CU[2], simd_inst_count, 0.000000000000
137, GPU[1].SA[6].CU[2], simd_CPI, +Inf
138, GPU[1].SA[6].CU[3], cu_inst_count, 0.000000000000
139, GPU[1].SA[6].CU[3], cu_CPI, +Inf
140, GPU[1].SA[6].CU[3], cu_IPC, 0.000000000000
141, GPU[1].SA[6].CU[3], simd_inst_count, 0.000000000000
142, GPU[1].SA[6].CU[3], simd_CPI, +Inf
143, GPU[1].SA[7].CU[0], cu_inst_count, 0.000000000000
144, GPU[1].SA[7].CU[0], cu_CPI, +Inf
145, GPU[1].SA[7].CU[0], cu_IPC, 0.000000000000
146, GPU[1].SA[7].CU[0], simd_inst_count, 0.000000000000
147, GPU[1].SA[7].CU[0], simd_CPI, +Inf
148, GPU[1].SA[7].CU[1], cu_inst_count, 0.000000000000
149, GPU[1].SA[7].CU[1], cu_CPI, +Inf
150, GPU[1].SA[7].CU[1], cu_IPC, 0.000000000000
151, GPU[1].SA[7].CU[1], simd_inst_count, 0.000000000000
152, GPU[1].SA[7].CU[1], simd_CPI, +Inf
153, GPU[1].SA[7].CU[2], cu_inst_count, 0.000000000000
154, GPU[1].SA[7].CU[2], cu_CPI, +Inf
155, GPU[1].SA[7].CU[2], cu_IPC, 0.000000000000
156, GPU[1].SA[7].CU[2], simd_inst_count, 0.000000000000
157, GPU[1].SA[7].CU[2], simd_CPI, +Inf
158, GPU[1].SA[7].CU[3], cu_inst_count, 0.000000000000
159, GPU[1].SA[7].CU[3], cu_CPI, +Inf
160, GPU[1].SA[7].CU[3], cu_IPC, 0.000000000000
161, GPU[1].SA[7].CU[3], simd_inst_count, 0.000000000000
162, GPU[1].SA[7].CU[3], simd_CPI, +Inf
163, GPU[1].SA[8].CU[0], cu_inst_count, 0.000000000000
164, GPU[1].SA[8].CU[0], cu_CPI, +Inf
165, GPU[1].SA[8].CU[0], cu_IPC, 0.000000000000
166, GPU[1].SA[8].CU[0], simd_inst_count, 0.000000000000
167, GPU[1].SA[8].CU[0], simd_CPI, +Inf
168, GPU[1].SA[8].CU[1], cu_inst_count, 0.000000000000
169, GPU[1].SA[8].CU[1], cu_CPI, +Inf
170, GPU[1].SA[8].CU[1], cu_IPC, 0.000000000000
171, GPU[1].SA[8].CU[1], simd_inst_count, 0.000000000000
172, GPU[1].SA[8].CU[1], simd_CPI, +Inf
173, GPU[1].SA[8].CU[2], cu_inst_count, 0.000000000000
174, GPU[1].SA[8].CU[2], cu_CPI, +Inf
175, GPU[1].SA[8].CU[2], cu_IPC, 0.000000000000
176, GPU[1].SA[8].CU[2], simd_inst_count, 0.000000000000
177, GPU[1].SA[8].CU[2], simd_CPI, +Inf
178, GPU[1].SA[8].CU[3], cu_inst_count, 0.000000000000
179, GPU[1].SA[8].CU[3], cu_CPI, +Inf
180, GPU[1].SA[8].CU[3], cu_IPC, 0.000000000000
181, GPU[1].SA[8].CU[3], simd_inst_count, 0.000000000000
182, GPU[1].SA[8].CU[3], simd_CPI, +Inf
183, GPU[1].SA[9].CU[0], cu_inst_count, 0.000000000000
184, GPU[1].SA[9].CU[0], cu_CPI, +Inf
185, GPU[1].SA[9].CU[0], cu_IPC, 0.000000000000
186, GPU[1].SA[9].CU[0], simd_inst_count, 0.000000000000
187, GPU[1].SA[9].CU[0], simd_CPI, +Inf
188, GPU[1].SA[9].CU[1], cu_inst_count, 0.000000000000
189, GPU[1].SA[9].CU[1], cu_CPI, +Inf
190, GPU[1].SA[9].CU[1], cu_IPC, 0.000000000000
191, GPU[1].SA[9].CU[1], simd_inst_count, 0.000000000000
192, GPU[1].SA[9].CU[1], simd_CPI, +Inf
193, GPU[1].SA[9].CU[2], cu_inst_count, 0.000000000000
194, GPU[1].SA[9].CU[2], cu_CPI, +Inf
195, GPU[1].SA[9].CU[2], cu_IPC, 0.000000000000
196, GPU[1].SA[9].CU[2], simd_inst_count, 0.000000000000
197, GPU[1].SA[9].CU[2], simd_CPI, +Inf
198, GPU[1].SA[9].CU[3], cu_inst_count, 0.000000000000
199, GPU[1].SA[9].CU[3], cu_CPI, +Inf
200, GPU[1].SA[9].CU[3], cu_IPC, 0.000000000000
201, GPU[1].SA[9].CU[3], simd_inst_count, 0.000000000000
202, GPU[1].SA[9].CU[3], simd_CPI, +Inf
203, GPU[1].SA[10].CU[0], cu_inst_count, 0.000000000000
204, GPU[1].SA[10].CU[0], cu_CPI, +Inf
205, GPU[1].SA[10].CU[0], cu_IPC, 0.000000000000
206, GPU[1].SA[10].CU[0], simd_inst_count, 0.000000000000
207, GPU[1].SA[10].CU[0], simd_CPI, +Inf
208, GPU[1].SA[10].CU[1], cu_inst_count, 0.000000000000
209, GPU[1].SA[10].CU[1], cu_CPI, +Inf
210, GPU[1].SA[10].CU[1], cu_IPC, 0.000000000000
211, GPU[1].SA[10].CU[1], simd_inst_count, 0.000000000000
212, GPU[1].SA[10].CU[1], simd_CPI, +Inf
213, GPU[1].SA[10].CU[2], cu_inst_count, 0.000000000000
214, GPU[1].SA[10].CU[2], cu_CPI, +Inf
215, GPU[1].SA[10].CU[2], cu_IPC, 0.000000000000
216, GPU[1].SA[10].CU[2], simd_inst_count, 0.000000000000
217, GPU[1].SA[10].CU[2], simd_CPI, +Inf
218, GPU[1].SA[10].CU[3], cu_inst_count, 0.000000000000
219, GPU[1].SA[10].CU[3], cu_CPI, +Inf
220, GPU[1].SA[10].CU[3], cu_IPC, 0.000000000000
221, GPU[1].SA[10].CU[3], simd_inst_count, 0.000000000000
222, GPU[1].SA[10].CU[3], simd_CPI, +Inf
223, GPU[1].SA[11].CU[0], cu_inst_count, 0.000000000000
224, GPU[1].SA[11].CU[0], cu_CPI, +Inf
225, GPU[1].SA[11].CU[0], cu_IPC, 0.000000000000
226, GPU[1].SA[11].CU[0], simd_inst_count, 0.000000000000
227, GPU[1].SA[11].CU[0], simd_CPI, +Inf
228, GPU[1].SA[11].CU[1], cu_inst_count, 0.000000000000
229, GPU[1].SA[11].CU[1], cu_CPI, +Inf
230, GPU[1].SA[11].CU[1], cu_IPC, 0.000000000000
231, GPU[1].SA[11].CU[1], simd_inst_count, 0.000000000000
232, GPU[1].SA[11].CU[1], simd_CPI, +Inf
233, GPU[1].SA[11].CU[2], cu_inst_count, 0.000000000000
234, GPU[1].SA[11].CU[2], cu_CPI, +Inf
235, GPU[1].SA[11].CU[2], cu_IPC, 0.000000000000
236, GPU[1].SA[11].CU[2], simd_inst_count, 0.000000000000
237, GPU[1].SA[11].CU[2], simd_CPI, +Inf
238, GPU[1].SA[11].CU[3], cu_inst_count, 0.000000000000
239, GPU[1].SA[11].CU[3], cu_CPI, +Inf
240, GPU[1].SA[11].CU[3], cu_IPC, 0.000000000000
241, GPU[1].SA[11].CU[3], simd_inst_count, 0.000000000000
242, GPU[1].SA[11].CU[3], simd_CPI, +Inf
243, GPU[1].SA[12].CU[0], cu_inst_count, 0.000000000000
244, GPU[1].SA[12].CU[0], cu_CPI, +Inf
245, GPU[1].SA[12].CU[0], cu_IPC, 0.000000000000
246, GPU[1].SA[12].CU[0], simd_inst_count, 0.000000000000
247, GPU[1].SA[12].CU[0], simd_CPI, +Inf
248, GPU[1].SA[12].CU[1], cu_inst_count, 0.000000000000
249, GPU[1].SA[12].CU[1], cu_CPI, +Inf
250, GPU[1].SA[12].CU[1], cu_IPC, 0.000000000000
251, GPU[1].SA[12].CU[1], simd_inst_count, 0.000000000000
252, GPU[1].SA[12].CU[1], simd_CPI, +Inf
253, GPU[1].SA[12].CU[2], cu_inst_count, 0.000000000000
254, GPU[1].SA[12].CU[2], cu_CPI, +Inf
255, GPU[1].SA[12].CU[2], cu_IPC, 0.000000000000
256, GPU[1].SA[12].CU[2], simd_inst_count, 0.000000000000
257, GPU[1].SA[12].CU[2], simd_CPI, +Inf
258, GPU[1].SA[12].CU[3], cu_inst_count, 0.000000000000
259, GPU[1].SA[12].CU[3], cu_CPI, +Inf
260, GPU[1].SA[12].CU[3], cu_IPC, 0.000000000000
261, GPU[1].SA[12].CU[3], simd_inst_count, 0.000000000000
262, GPU[1].SA[12].CU[3], simd_CPI, +Inf
263, GPU[1].SA[13].CU[0], cu_inst_count, 0.000000000000
264, GPU[1].SA[13].CU[0], cu_CPI, +Inf
265, GPU[1].SA[13].CU[0], cu_IPC, 0.000000000000
266, GPU[1].SA[13].CU[0], simd_inst_count, 0.000000000000
267, GPU[1].SA[13].CU[0], simd_CPI, +Inf
268, GPU[1].SA[13].CU[1], cu_inst_count, 0.000000000000
269, GPU[1].SA[13].CU[1], cu_CPI, +Inf
270, GPU[1].SA[13].CU[1], cu_IPC, 0.000000000000
271, GPU[1].SA[13].CU[1], simd_inst_count, 0.000000000000
272, GPU[1].SA[13].CU[1], simd_CPI, +Inf
273, GPU[1].SA[13].CU[2], cu_inst_count, 0.000000000000
274, GPU[1].SA[13].CU[2], cu_CPI, +Inf
275, GPU[1].SA[13].CU[2], cu_IPC, 0.000000000000
276, GPU[1].SA[13].CU[2], simd_inst_count, 0.000000000000
277, GPU[1].SA[13].CU[2], simd_CPI, +Inf
278, GPU[1].SA[13].CU[3], cu_inst_count, 0.000000000000
279, GPU[1].SA[13].CU[3], cu_CPI, +Inf
280, GPU[1].SA[13].CU[3], cu_IPC, 0.000000000000
281, GPU[1].SA[13].CU[3], simd_inst_count, 0.000000000000
282, GPU[1].SA[13].CU[3], simd_CPI, +Inf
283, GPU[1].SA[14].CU[0], cu_inst_count, 0.000000000000
284, GPU[1].SA[14].CU[0], cu_CPI, +Inf
285, GPU[1].SA[14].CU[0], cu_IPC, 0.000000000000
286, GPU[1].SA[14].CU[0], simd_inst_count, 0.000000000000
287, GPU[1].SA[14].CU[0], simd_CPI, +Inf
288, GPU[1].SA[14].CU[1], cu_inst_count, 0.000000000000
289, GPU[1].SA[14].CU[1], cu_CPI, +Inf
290, GPU[1].SA[14].CU[1], cu_IPC, 0.000000000000
291, GPU[1].SA[14].CU[1], simd_inst_count, 0.000000000000
292, GPU[1].SA[14].CU[1], simd_CPI, +Inf
293, GPU[1].SA[14].CU[2], cu_inst_count, 0.000000000000
294, GPU[1].SA[14].CU[2], cu_CPI, +Inf
295, GPU[1].SA[14].CU[2], cu_IPC, 0.000000000000
296, GPU[1].SA[14].CU[2], simd_inst_count, 0.000000000000
297, GPU[1].SA[14].CU[2], simd_CPI, +Inf
298, GPU[1].SA[14].CU[3], cu_inst_count, 0.000000000000
299, GPU[1].SA[14].CU[3], cu_CPI, +Inf
300, GPU[1].SA[14].CU[3], cu_IPC, 0.000000000000
301, GPU[1].SA[14].CU[3], simd_inst_count, 0.000000000000
302, GPU[1].SA[14].CU[3], simd_CPI, +Inf
303, GPU[1].SA[15].CU[0], cu_inst_count, 0.000000000000
304, GPU[1].SA[15].CU[0], cu_CPI, +Inf
305, GPU[1].SA[15].CU[0], cu_IPC, 0.000000000000
306, GPU[1].SA[15].CU[0], simd_inst_count, 0.000000000000
307, GPU[1].SA[15].CU[0], simd_CPI, +Inf
308, GPU[1].SA[15].CU[1], cu_inst_count, 0.000000000000
309, GPU[1].SA[15].CU[1], cu_CPI, +Inf
310, GPU[1].SA[15].CU[1], cu_IPC, 0.000000000000
311, GPU[1].SA[15].CU[1], simd_inst_count, 0.000000000000
312, GPU[1].SA[15].CU[1], simd_CPI, +Inf
313, GPU[1].SA[15].CU[2], cu_inst_count, 0.000000000000
314, GPU[1].SA[15].CU[2], cu_CPI, +Inf
315, GPU[1].SA[15].CU[2], cu_IPC, 0.000000000000
316, GPU[1].SA[15].CU[2], simd_inst_count, 0.000000000000
317, GPU[1].SA[15].CU[2], simd_CPI, +Inf
318, GPU[1].SA[15].CU[3], cu_inst_count, 0.000000000000
319, GPU[1].SA[15].CU[3], cu_CPI, +Inf
320, GPU[1].SA[15].CU[3], cu_IPC, 0.000000000000
321, GPU[1].SA[15].CU[3], simd_inst_count, 0.000000000000
322, GPU[1].SA[15].CU[3], simd_CPI, +Inf
323, GPU[1].SA[0].CU[0], CPIStack.total, 43.399727148704
324, GPU[1].SA[0].CU[0], CPIStack.Idle, 0.221691678035
325, GPU[1].SA[0].CU[0], CPIStack.Special, 0.023874488404
326, GPU[1].SA[0].CU[0], CPIStack.Fetch, 1.438608458390
327, GPU[1].SA[0].CU[0], CPIStack.VALU, 1.496589358799
328, GPU[1].SA[0].CU[0], CPIStack.VMem, 3.521828103683
329, GPU[1].SA[0].CU[0], CPIStack.Branch, 0.137789904502
330, GPU[1].SA[0].CU[0], CPIStack.ScalarInst, 0.389495225102
331, GPU[1].SA[0].CU[0], CPIStack.ScalarMemInst, 0.002046384720
332, GPU[1].SA[0].CU[0], CPIStack.ScalarMem, 0.997271487040
333, GPU[1].SA[0].CU[0], CPIStack.VMemInst, 1.598226466576
334, GPU[1].SA[0].CU[0], SIMDCPIStack.total, 67.255813953488
335, GPU[1].SA[0].CU[0], SIMDCPIStack.VALU, 2.319238900634
336, GPU[1].SA[0].CU[0], SIMDCPIStack.VMemInst, 2.476744186047
337, GPU[1].SA[0].CU[0], SIMDCPIStack.ScalarInst, 0.603594080338
338, GPU[1].SA[0].CU[0], SIMDCPIStack.Idle, 0.343551797040
339, GPU[1].SA[0].CU[0], SIMDCPIStack.ScalarMemInst, 0.003171247357
340, GPU[1].SA[0].CU[0], SIMDCPIStack.ScalarMem, 1.545454545455
341, GPU[1].SA[0].CU[0], SIMDCPIStack.VMem, 5.457716701903
342, GPU[1].SA[0].CU[0], SIMDCPIStack.Branch, 0.213530655391
343, GPU[1].SA[0].CU[0], SIMDCPIStack.Fetch, 2.229386892178
344, GPU[1].SA[0].CU[0], SIMDCPIStack.Special, 0.036997885835
345, GPU[1].SA[0].CU[1], CPIStack.VMem, 1.768758526603
346, GPU[1].SA[0].CU[1], CPIStack.Special, 0.023874488404
347, GPU[1].SA[0].CU[1], CPIStack.ScalarMem, 0.997271487040
348, GPU[1].SA[0].CU[1], CPIStack.Fetch, 1.468622100955
349, GPU[1].SA[0].CU[1], CPIStack.ScalarMemInst, 0.002046384720
350, GPU[1].SA[0].CU[1], CPIStack.ScalarInst, 0.379945429741
351, GPU[1].SA[0].CU[1], CPIStack.VALU, 1.491132332879
352, GPU[1].SA[0].CU[1], CPIStack.Branch, 0.134379263301
353, GPU[1].SA[0].CU[1], CPIStack.VMemInst, 1.643246930423
354, GPU[1].SA[0].CU[1], CPIStack.total, 30.813096862210
355, GPU[1].SA[0].CU[1], CPIStack.Idle, 0.219645293315
356, GPU[1].SA[0].CU[1], SIMDCPIStack.ScalarMemInst, 0.003171247357
357, GPU[1].SA[0].CU[1], SIMDCPIStack.Special, 0.036997885835
358, GPU[1].SA[0].CU[1], SIMDCPIStack.ScalarInst, 0.588794926004
359, GPU[1].SA[0].CU[1], SIMDCPIStack.VALU, 2.310782241015
360, GPU[1].SA[0].CU[1], SIMDCPIStack.total, 47.750528541226
361, GPU[1].SA[0].CU[1], SIMDCPIStack.Fetch, 2.275898520085
362, GPU[1].SA[0].CU[1], SIMDCPIStack.ScalarMem, 1.545454545455
363, GPU[1].SA[0].CU[1], SIMDCPIStack.Branch, 0.208245243129
364, GPU[1].SA[0].CU[1], SIMDCPIStack.VMemInst, 2.546511627907
365, GPU[1].SA[0].CU[1], SIMDCPIStack.Idle, 0.340380549683
366, GPU[1].SA[0].CU[1], SIMDCPIStack.VMem, 2.741014799154
367, GPU[1].SA[0].CU[2], CPIStack.VALU, 1.491132332879
368, GPU[1].SA[0].CU[2], CPIStack.VMem, 1.769440654843
369, GPU[1].SA[0].CU[2], CPIStack.Fetch, 1.468622100955
370, GPU[1].SA[0].CU[2], CPIStack.ScalarMemInst, 0.002046384720
371, GPU[1].SA[0].CU[2], CPIStack.ScalarMem, 0.997271487040
372, GPU[1].SA[0].CU[2], CPIStack.ScalarInst, 0.379945429741
373, GPU[1].SA[0].CU[2], CPIStack.Idle, 0.218963165075
374, GPU[1].SA[0].CU[2], CPIStack.VMemInst, 1.643246930423
375, GPU[1].SA[0].CU[2], CPIStack.Branch, 0.134379263301
376, GPU[1].SA[0].CU[2], CPIStack.Special, 0.023874488404
377, GPU[1].SA[0].CU[2], CPIStack.total, 19.924965893588
378, GPU[1].SA[0].CU[2], SIMDCPIStack.Fetch, 2.275898520085
379, GPU[1].SA[0].CU[2], SIMDCPIStack.ScalarMem, 1.545454545455
380, GPU[1].SA[0].CU[2], SIMDCPIStack.Special, 0.036997885835
381, GPU[1].SA[0].CU[2], SIMDCPIStack.Idle, 0.339323467230
382, GPU[1].SA[0].CU[2], SIMDCPIStack.VALU, 2.310782241015
383, GPU[1].SA[0].CU[2], SIMDCPIStack.total, 30.877378435518
384, GPU[1].SA[0].CU[2], SIMDCPIStack.ScalarMemInst, 0.003171247357
385, GPU[1].SA[0].CU[2], SIMDCPIStack.Branch, 0.208245243129
386, GPU[1].SA[0].CU[2], SIMDCPIStack.ScalarInst, 0.588794926004
387, GPU[1].SA[0].CU[2], SIMDCPIStack.VMem, 2.742071881607
388, GPU[1].SA[0].CU[2], SIMDCPIStack.VMemInst, 2.546511627907
389, GPU[1].SA[0].CU[3], CPIStack.Idle, 0.201815642458
390, GPU[1].SA[0].CU[3], CPIStack.Special, 0.023044692737
391, GPU[1].SA[0].CU[3], CPIStack.ScalarInst, 0.372206703911
392, GPU[1].SA[0].CU[3], CPIStack.ScalarMem, 1.020949720670
393, GPU[1].SA[0].CU[3], CPIStack.VALU, 1.453212290503
394, GPU[1].SA[0].CU[3], CPIStack.VMem, 1.668296089385
395, GPU[1].SA[0].CU[3], CPIStack.Branch, 0.135474860335
396, GPU[1].SA[0].CU[3], CPIStack.total, 9.251396648045
397, GPU[1].SA[0].CU[3], CPIStack.Fetch, 1.527234636872
398, GPU[1].SA[0].CU[3], CPIStack.ScalarMemInst, 0.002094972067
399, GPU[1].SA[0].CU[3], CPIStack.VMemInst, 1.564245810056
400, GPU[1].SA[0].CU[3], SIMDCPIStack.ScalarMemInst, 0.003243243243
401, GPU[1].SA[0].CU[3], SIMDCPIStack.Branch, 0.209729729730
402, GPU[1].SA[0].CU[3], SIMDCPIStack.ScalarMem, 1.580540540541
403, GPU[1].SA[0].CU[3], SIMDCPIStack.VMem, 2.582702702703
404, GPU[1].SA[0].CU[3], SIMDCPIStack.total, 14.322162162162
405, GPU[1].SA[0].CU[3], SIMDCPIStack.ScalarInst, 0.576216216216
406, GPU[1].SA[0].CU[3], SIMDCPIStack.Special, 0.035675675676
407, GPU[1].SA[0].CU[3], SIMDCPIStack.VALU, 2.249729729730
408, GPU[1].SA[0].CU[3], SIMDCPIStack.Idle, 0.312432432432
409, GPU[1].SA[0].CU[3], SIMDCPIStack.Fetch, 2.364324324324
410, GPU[1].SA[0].CU[3], SIMDCPIStack.VMemInst, 2.421621621622
411, GPU[1].SA[1].CU[0], CPIStack.total, NaN
412, GPU[1].SA[1].CU[0], SIMDCPIStack.total, NaN
413, GPU[1].SA[1].CU[1], CPIStack.total, NaN
414, GPU[1].SA[1].CU[1], SIMDCPIStack.total, NaN
415, GPU[1].SA[1].CU[2], CPIStack.total, NaN
416, GPU[1].SA[1].CU[2], SIMDCPIStack.total, NaN
417, GPU[1].SA[1].CU[3], CPIStack.total, NaN
418, GPU[1].SA[1].CU[3], SIMDCPIStack.total, NaN
419, GPU[1].SA[2].CU[0], CPIStack.total, NaN
420, GPU[1].SA[2].CU[0], SIMDCPIStack.total, NaN
421, GPU[1].SA[2].CU[1], CPIStack.total, NaN
422, GPU[1].SA[2].CU[1], SIMDCPIStack.total, NaN
423, GPU[1].SA[2].CU[2], CPIStack.total, NaN
424, GPU[1].SA[2].CU[2], SIMDCPIStack.total, NaN
425, GPU[1].SA[2].CU[3], CPIStack.total, NaN
426, GPU[1].SA[2].CU[3], SIMDCPIStack.total, NaN
427, GPU[1].SA[3].CU[0], CPIStack.total, NaN
428, GPU[1].SA[3].CU[0], SIMDCPIStack.total, NaN
429, GPU[1].SA[3].CU[1], CPIStack.total, NaN
430, GPU[1].SA[3].CU[1], SIMDCPIStack.total, NaN
431, GPU[1].SA[3].CU[2], CPIStack.total, NaN
432, GPU[1].SA[3].CU[2], SIMDCPIStack.total, NaN
433, GPU[1].SA[3].CU[3], CPIStack.total, NaN
434, GPU[1].SA[3].CU[3], SIMDCPIStack.total, NaN
435, GPU[1].SA[4].CU[0], CPIStack.total, NaN
436, GPU[1].SA[4].CU[0], SIMDCPIStack.total, NaN
437, GPU[1].SA[4].CU[1], CPIStack.total, NaN
438, GPU[1].SA[4].CU[1], SIMDCPIStack.total, NaN
439, GPU[1].SA[4].CU[2], CPIStack.total, NaN
440, GPU[1].SA[4].CU[2], SIMDCPIStack.total, NaN
441, GPU[1].SA[4].CU[3], CPIStack.total, NaN
442, GPU[1].SA[4].CU[3], SIMDCPIStack.total, NaN
443, GPU[1].SA[5].CU[0], CPIStack.total, NaN
444, GPU[1].SA[5].CU[0], SIMDCPIStack.total, NaN
445, GPU[1].SA[5].CU[1], CPIStack.total, NaN
446, GPU[1].SA[5].CU[1], SIMDCPIStack.total, NaN
447, GPU[1].SA[5].CU[2], CPIStack.total, NaN
448, GPU[1].SA[5].CU[2], SIMDCPIStack.total, NaN
449, GPU[1].SA[5].CU[3], CPIStack.total, NaN
450, GPU[1].SA[5].CU[3], SIMDCPIStack.total, NaN
451, GPU[1].SA[6].CU[0], CPIStack.total, NaN
452, GPU[1].SA[6].CU[0], SIMDCPIStack.total, NaN
453, GPU[1].SA[6].CU[1], CPIStack.total, NaN
454, GPU[1].SA[6].CU[1], SIMDCPIStack.total, NaN
455, GPU[1].SA[6].CU[2], CPIStack.total, NaN
456, GPU[1].SA[6].CU[2], SIMDCPIStack.total, NaN
457, GPU[1].SA[6].CU[3], CPIStack.total, NaN
458, GPU[1].SA[6].CU[3], SIMDCPIStack.total, NaN
459, GPU[1].SA[7].CU[0], CPIStack.total, NaN
460, GPU[1].SA[7].CU[0], SIMDCPIStack.total, NaN
461, GPU[1].SA[7].CU[1], CPIStack.total, NaN
462, GPU[1].SA[7].CU[1], SIMDCPIStack.total, NaN
463, GPU[1].SA[7].CU[2], CPIStack.total, NaN
464, GPU[1].SA[7].CU[2], SIMDCPIStack.total, NaN
465, GPU[1].SA[7].CU[3], CPIStack.total, NaN
466, GPU[1].SA[7].CU[3], SIMDCPIStack.total, NaN
467, GPU[1].SA[8].CU[0], CPIStack.total, NaN
468, GPU[1].SA[8].CU[0], SIMDCPIStack.total, NaN
469, GPU[1].SA[8].CU[1], CPIStack.total, NaN
470, GPU[1].SA[8].CU[1], SIMDCPIStack.total, NaN
471, GPU[1].SA[8].CU[2], CPIStack.total, NaN
472, GPU[1].SA[8].CU[2], SIMDCPIStack.total, NaN
473, GPU[1].SA[8].CU[3], CPIStack.total, NaN
474, GPU[1].SA[8].CU[3], SIMDCPIStack.total, NaN
475, GPU[1].SA[9].CU[0], CPIStack.total, NaN
476, GPU[1].SA[9].CU[0], SIMDCPIStack.total, NaN
477, GPU[1].SA[9].CU[1], CPIStack.total, NaN
478, GPU[1].SA[9].CU[1], SIMDCPIStack.total, NaN
479, GPU[1].SA[9].CU[2], CPIStack.total, NaN
480, GPU[1].SA[9].CU[2], SIMDCPIStack.total, NaN
481, GPU[1].SA[9].CU[3], CPIStack.total, NaN
482, GPU[1].SA[9].CU[3], SIMDCPIStack.total, NaN
483, GPU[1].SA[10].CU[0], CPIStack.total, NaN
484, GPU[1].SA[10].CU[0], SIMDCPIStack.total, NaN
485, GPU[1].SA[10].CU[1], CPIStack.total, NaN
486, GPU[1].SA[10].CU[1], SIMDCPIStack.total, NaN
487, GPU[1].SA[10].CU[2], CPIStack.total, NaN
488, GPU[1].SA[10].CU[2], SIMDCPIStack.total, NaN
489, GPU[1].SA[10].CU[3], CPIStack.total, NaN
490, GPU[1].SA[10].CU[3], SIMDCPIStack.total, NaN
491, GPU[1].SA[11].CU[0], CPIStack.total, NaN
492, GPU[1].SA[11].CU[0], SIMDCPIStack.total, NaN
493, GPU[1].SA[11].CU[1], CPIStack.total, NaN
494, GPU[1].SA[11].CU[1], SIMDCPIStack.total, NaN
495, GPU[1].SA[11].CU[2], CPIStack.total, NaN
496, GPU[1].SA[11].CU[2], SIMDCPIStack.total, NaN
497, GPU[1].SA[11].CU[3], CPIStack.total, NaN
498, GPU[1].SA[11].CU[3], SIMDCPIStack.total, NaN
499, GPU[1].SA[12].CU[0], CPIStack.total, NaN
500, GPU[1].SA[12].CU[0], SIMDCPIStack.total, NaN
501, GPU[1].SA[12].CU[1], CPIStack.total, NaN
502, GPU[1].SA[12].CU[1], SIMDCPIStack.total, NaN
503, GPU[1].SA[12].CU[2], CPIStack.total, NaN
504, GPU[1].SA[12].CU[2], SIMDCPIStack.total, NaN
505, GPU[1].SA[12].CU[3], CPIStack.total, NaN
506, GPU[1].SA[12].CU[3], SIMDCPIStack.total, NaN
507, GPU[1].SA[13].CU[0], CPIStack.total, NaN
508, GPU[1].SA[13].CU[0], SIMDCPIStack.total, NaN
509, GPU[1].SA[13].CU[1], CPIStack.total, NaN
510, GPU[1].SA[13].CU[1], SIMDCPIStack.total, NaN
511, GPU[1].SA[13].CU[2], CPIStack.total, NaN
512, GPU[1].SA[13].CU[2], SIMDCPIStack.total, NaN
513, GPU[1].SA[13].CU[3], CPIStack.total, NaN
514, GPU[1].SA[13].CU[3], SIMDCPIStack.total, NaN
515, GPU[1].SA[14].CU[0], CPIStack.total, NaN
516, GPU[1].SA[14].CU[0], SIMDCPIStack.total, NaN
517, GPU[1].SA[14].CU[1], CPIStack.total, NaN
518, GPU[1].SA[14].CU[1], SIMDCPIStack.total, NaN
519, GPU[1].SA[14].CU[2], CPIStack.total, NaN
520, GPU[1].SA[14].CU[2], SIMDCPIStack.total, NaN
521, GPU[1].SA[14].CU[3], CPIStack.total, NaN
522, GPU[1].SA[14].CU[3], SIMDCPIStack.total, NaN
523, GPU[1].SA[15].CU[0], CPIStack.total, NaN
524, GPU[1].SA[15].CU[0], SIMDCPIStack.total, NaN
525, GPU[1].SA[15].CU[1], CPIStack.total, NaN
526, GPU[1].SA[15].CU[1], SIMDCPIStack.total, NaN
527, GPU[1].SA[15].CU[2], CPIStack.total, NaN
528, GPU[1].SA[15].CU[2], SIMDCPIStack.total, NaN
529, GPU[1].SA[15].CU[3], CPIStack.total, NaN
530, GPU[1].SA[15].CU[3], SIMDCPIStack.total, NaN
531, GPU[1].SA[0].CU[0].SIMD0, busy_time, 0.000001816000
532, GPU[1].SA[0].CU[0].SIMD1, busy_time, 0.000000656000
533, GPU[1].SA[0].CU[0].SIMD2, busy_time, 0.000000656000
534, GPU[1].SA[0].CU[0].SIMD3, busy_time, 0.000000656000
535, GPU[1].SA[0].CU[1].SIMD0, busy_time, 0.000001816000
536, GPU[1].SA[0].CU[1].SIMD1, busy_time, 0.000000656000
537, GPU[1].SA[0].CU[1].SIMD2, busy_time, 0.000000656000
538, GPU[1].SA[0].CU[1].SIMD3, busy_time, 0.000000656000
539, GPU[1].SA[0].CU[2].SIMD0, busy_time, 0.000001816000
540, GPU[1].SA[0].CU[2].SIMD1, busy_time, 0.000000656000
541, GPU[1].SA[0].CU[2].SIMD2, busy_time, 0.000000656000
542, GPU[1].SA[0].CU[2].SIMD3, busy_time, 0.000000656000
543, GPU[1].SA[0].CU[3].SIMD0, busy_time, 0.000001732000
544, GPU[1].SA[0].CU[3].SIMD1, busy_time, 0.000000656000
545, GPU[1].SA[0].CU[3].SIMD2, busy_time, 0.000000656000
546, GPU[1].SA[0].CU[3].SIMD3, busy_time, 0.000000656000
547, GPU[1].SA[1].CU[0].SIMD0, busy_time, 0.000000000000
548, GPU[1].SA[1].CU[0].SIMD1, busy_time, 0.000000000000
549, GPU[1].SA[1].CU[0].SIMD2, busy_time, 0.000000000000
550, GPU[1].SA[1].CU[0].SIMD3, busy_time, 0.000000000000
551, GPU[1].SA[1].CU[1].SIMD0, busy_time, 0.000000000000
552, GPU[1].SA[1].CU[1].SIMD1, busy_time, 0.000000000000
553, GPU[1].SA[1].CU[1].SIMD2, busy_time, 0.000000000000
554, GPU[1].SA[1].CU[1].SIMD3, busy_time, 0.000000000000
555, GPU[1].SA[1].CU[2].SIMD0, busy_time, 0.000000000000
556, GPU[1].SA[1].CU[2].SIMD1, busy_time, 0.000000000000
557, GPU[1].SA[1].CU[2].SIMD2, busy_time, 0.000000000000
558, GPU[1].SA[1].CU[2].SIMD3, busy_time, 0.000000000000
559, GPU[1].SA[1].CU[3].SIMD0, busy_time, 0.000000000000
560, GPU[1].SA[1].CU[3].SIMD1, busy_time, 0.000000000000
561, GPU[1].SA[1].CU[3].SIMD2, busy_time, 0.000000000000
562, GPU[1].SA[1].CU[3].SIMD3, busy_time, 0.000000000000
563, GPU[1].SA[2].CU[0].SIMD0, busy_time, 0.000000000000
564, GPU[1].SA[2].CU[0].SIMD1, busy_time, 0.000000000000
565, GPU[1].SA[2].CU[0].SIMD2, busy_time, 0.000000000000
566, GPU[1].SA[2].CU[0].SIMD3, busy_time, 0.000000000000
567, GPU[1].SA[2].CU[1].SIMD0, busy_time, 0.000000000000
568, GPU[1].SA[2].CU[1].SIMD1, busy_time, 0.000000000000
569, GPU[1].SA[2].CU[1].SIMD2, busy_time, 0.000000000000
570, GPU[1].SA[2].CU[1].SIMD3, busy_time, 0.000000000000
571, GPU[1].SA[2].CU[2].SIMD0, busy_time, 0.000000000000
572, GPU[1].SA[2].CU[2].SIMD1, busy_time, 0.000000000000
573, GPU[1].SA[2].CU[2].SIMD2, busy_time, 0.000000000000
574, GPU[1].SA[2].CU[2].SIMD3, busy_time, 0.000000000000
575, GPU[1].SA[2].CU[3].SIMD0, busy_time, 0.000000000000
576, GPU[1].SA[2].CU[3].SIMD1, busy_time, 0.000000000000
577, GPU[1].SA[2].CU[3].SIMD2, busy_time, 0.000000000000
578, GPU[1].SA[2].CU[3].SIMD3, busy_time, 0.000000000000
579, GPU[1].SA[3].CU[0].SIMD0, busy_time, 0.000000000000
580, GPU[1].SA[3].CU[0].SIMD1, busy_time, 0.000000000000
581, GPU[1].SA[3].CU[0].SIMD2, busy_time, 0.000000000000
582, GPU[1].SA[3].CU[0].SIMD3, busy_time, 0.000000000000
583, GPU[1].SA[3].CU[1].SIMD0, busy_time, 0.000000000000
584, GPU[1].SA[3].CU[1].SIMD1, busy_time, 0.000000000000
585, GPU[1].SA[3].CU[1].SIMD2, busy_time, 0.000000000000
586, GPU[1].SA[3].CU[1].SIMD3, busy_time, 0.000000000000
587, GPU[1].SA[3].CU[2].SIMD0, busy_time, 0.000000000000
588, GPU[1].SA[3].CU[2].SIMD1, busy_time, 0.000000000000
589, GPU[1].SA[3].CU[2].SIMD2, busy_time, 0.000000000000
590, GPU[1].SA[3].CU[2].SIMD3, busy_time, 0.000000000000
591, GPU[1].SA[3].CU[3].SIMD0, busy_time, 0.000000000000
592, GPU[1].SA[3].CU[3].SIMD1, busy_time, 0.000000000000
593, GPU[1].SA[3].CU[3].SIMD2, busy_time, 0.000000000000
594, GPU[1].SA[3].CU[3].SIMD3, busy_time, 0.000000000000
595, GPU[1].SA[4].CU[0].SIMD0, busy_time, 0.000000000000
596, GPU[1].SA[4].CU[0].SIMD1, busy_time, 0.000000000000
597, GPU[1].SA[4].CU[0].SIMD2, busy_time, 0.000000000000
598, GPU[1].SA[4].CU[0].SIMD3, busy_time, 0.000000000000
599, GPU[1].SA[4].CU[1].SIMD0, busy_time, 0.000000000000
600, GPU[1].SA[4].CU[1].SIMD1, busy_time, 0.000000000000
601, GPU[1].SA[4].CU[1].SIMD2, busy_time, 0.000000000000
602, GPU[1].SA[4].CU[1].SIMD3, busy_time, 0.000000000000
603, GPU[1].SA[4].CU[2].SIMD0, busy_time, 0.000000000000
604, GPU[1].SA[4].CU[2].SIMD1, busy_time, 0.000000000000
605, GPU[1].SA[4].CU[2].SIMD2, busy_time, 0.000000000000
606, GPU[1].SA[4].CU[2].SIMD3, busy_time, 0.000000000000
607, GPU[1].SA[4].CU[3].SIMD0, busy_time, 0.000000000000
608, GPU[1].SA[4].CU[3].SIMD1, busy_time, 0.000000000000
609, GPU[1].SA[4].CU[3].SIMD2, busy_time, 0.000000000000
610, GPU[1].SA[4].CU[3].SIMD3, busy_time, 0.000000000000
611, GPU[1].SA[5].CU[0].SIMD0, busy_time, 0.000000000000
612, GPU[1].SA[5].CU[0].SIMD1, busy_time, 0.000000000000
613, GPU[1].SA[5].CU[0].SIMD2, busy_time, 0.000000000000
614, GPU[1].SA[5].CU[0].SIMD3, busy_time, 0.000000000000
615, GPU[1].SA[5].CU[1].SIMD0, busy_time, 0.000000000000
616, GPU[1].SA[5].CU[1].SIMD1, busy_time, 0.000000000000
617, GPU[1].SA[5].CU[1].SIMD2, busy_time, 0.000000000000
618, GPU[1].SA[5].CU[1].SIMD3, busy_time, 0.000000000000
619, GPU[1].SA[5].CU[2].SIMD0, busy_time, 0.000000000000
620, GPU[1].SA[5].CU[2].SIMD1, busy_time, 0.000000000000
621, GPU[1].SA[5].CU[2].SIMD2, busy_time, 0.000000000000
622, GPU[1].SA[5].CU[2].SIMD3, busy_time, 0.000000000000
623, GPU[1].SA[5].CU[3].SIMD0, busy_time, 0.000000000000
624, GPU[1].SA[5].CU[3].SIMD1, busy_time, 0.000000000000
625, GPU[1].SA[5].CU[3].SIMD2, busy_time, 0.000000000000
626, GPU[1].SA[5].CU[3].SIMD3, busy_time, 0.000000000000
627, GPU[1].SA[6].CU[0].SIMD0, busy_time, 0.000000000000
628, GPU[1].SA[6].CU[0].SIMD1, busy_time, 0.000000000000
629, GPU[1].SA[6].CU[0].SIMD2, busy_time, 0.000000000000
630, GPU[1].SA[6].CU[0].SIMD3, busy_time, 0.000000000000
631, GPU[1].SA[6].CU[1].SIMD0, busy_time, 0.000000000000
632, GPU[1].SA[6].CU[1].SIMD1, busy_time, 0.000000000000
633, GPU[1].SA[6].CU[1].SIMD2, busy_time, 0.000000000000
634, GPU[1].SA[6].CU[1].SIMD3, busy_time, 0.000000000000
635, GPU[1].SA[6].CU[2].SIMD0, busy_time, 0.000000000000
636, GPU[1].SA[6].CU[2].SIMD1, busy_time, 0.000000000000
637, GPU[1].SA[6].CU[2].SIMD2, busy_time, 0.000000000000
638, GPU[1].SA[6].CU[2].SIMD3, busy_time, 0.000000000000
639, GPU[1].SA[6].CU[3].SIMD0, busy_time, 0.000000000000
640, GPU[1].SA[6].CU[3].SIMD1, busy_time, 0.000000000000
641, GPU[1].SA[6].CU[3].SIMD2, busy_time, 0.000000000000
642, GPU[1].SA[6].CU[3].SIMD3, busy_time, 0.000000000000
643, GPU[1].SA[7].CU[0].SIMD0, busy_time, 0.000000000000
644, GPU[1].SA[7].CU[0].SIMD1, busy_time, 0.000000000000
645, GPU[1].SA[7].CU[0].SIMD2, busy_time, 0.000000000000
646, GPU[1].SA[7].CU[0].SIMD3, busy_time, 0.000000000000
647, GPU[1].SA[7].CU[1].SIMD0, busy_time, 0.000000000000
648, GPU[1].SA[7].CU[1].SIMD1, busy_time, 0.000000000000
649, GPU[1].SA[7].CU[1].SIMD2, busy_time, 0.000000000000
650, GPU[1].SA[7].CU[1].SIMD3, busy_time, 0.000000000000
651, GPU[1].SA[7].CU[2].SIMD0, busy_time, 0.000000000000
652, GPU[1].SA[7].CU[2].SIMD1, busy_time, 0.000000000000
653, GPU[1].SA[7].CU[2].SIMD2, busy_time, 0.000000000000
654, GPU[1].SA[7].CU[2].SIMD3, busy_time, 0.000000000000
655, GPU[1].SA[7].CU[3].SIMD0, busy_time, 0.000000000000
656, GPU[1].SA[7].CU[3].SIMD1, busy_time, 0.000000000000
657, GPU[1].SA[7].CU[3].SIMD2, busy_time, 0.000000000000
658, GPU[1].SA[7].CU[3].SIMD3, busy_time, 0.000000000000
659, GPU[1].SA[8].CU[0].SIMD0, busy_time, 0.000000000000
660, GPU[1].SA[8].CU[0].SIMD1, busy_time, 0.000000000000
661, GPU[1].SA[8].CU[0].SIMD2, busy_time, 0.000000000000
662, GPU[1].SA[8].CU[0].SIMD3, busy_time, 0.000000000000
663, GPU[1].SA[8].CU[1].SIMD0, busy_time, 0.000000000000
664, GPU[1].SA[8].CU[1].SIMD1, busy_time, 0.000000000000
665, GPU[1].SA[8].CU[1].SIMD2, busy_time, 0.000000000000
666, GPU[1].SA[8].CU[1].SIMD3, busy_time, 0.000000000000
667, GPU[1].SA[8].CU[2].SIMD0, busy_time, 0.000000000000
668, GPU[1].SA[8].CU[2].SIMD1, busy_time, 0.000000000000
669, GPU[1].SA[8].CU[2].SIMD2, busy_time, 0.000000000000
670, GPU[1].SA[8].CU[2].SIMD3, busy_time, 0.000000000000
671, GPU[1].SA[8].CU[3].SIMD0, busy_time, 0.000000000000
672, GPU[1].SA[8].CU[3].SIMD1, busy_time, 0.000000000000
673, GPU[1].SA[8].CU[3].SIMD2, busy_time, 0.000000000000
674, GPU[1].SA[8].CU[3].SIMD3, busy_time, 0.000000000000
675, GPU[1].SA[9].CU[0].SIMD0, busy_time, 0.000000000000
676, GPU[1].SA[9].CU[0].SIMD1, busy_time, 0.000000000000
677, GPU[1].SA[9].CU[0].SIMD2, busy_time, 0.000000000000
678, GPU[1].SA[9].CU[0].SIMD3, busy_time, 0.000000000000
679, GPU[1].SA[9].CU[1].SIMD0, busy_time, 0.000000000000
680, GPU[1].SA[9].CU[1].SIMD1, busy_time, 0.000000000000
681, GPU[1].SA[9].CU[1].SIMD2, busy_time, 0.000000000000
682, GPU[1].SA[9].CU[1].SIMD3, busy_time, 0.000000000000
683, GPU[1].SA[9].CU[2].SIMD0, busy_time, 0.000000000000
684, GPU[1].SA[9].CU[2].SIMD1, busy_time, 0.000000000000
685, GPU[1].SA[9].CU[2].SIMD2, busy_time, 0.000000000000
686, GPU[1].SA[9].CU[2].SIMD3, busy_time, 0.000000000000
687, GPU[1].SA[9].CU[3].SIMD0, busy_time, 0.000000000000
688, GPU[1].SA[9].CU[3].SIMD1, busy_time, 0.000000000000
689, GPU[1].SA[9].CU[3].SIMD2, busy_time, 0.000000000000
690, GPU[1].SA[9].CU[3].SIMD3, busy_time, 0.000000000000
691, GPU[1].SA[10].CU[0].SIMD0, busy_time, 0.000000000000
692, GPU[1].SA[10].CU[0].SIMD1, busy_time, 0.000000000000
693, GPU[1].SA[10].CU[0].SIMD2, busy_time, 0.000000000000
694, GPU[1].SA[10].CU[0].SIMD3, busy_time, 0.000000000000
695, GPU[1].SA[10].CU[1].SIMD0, busy_time, 0.000000000000
696, GPU[1].SA[10].CU[1].SIMD1, busy_time, 0.000000000000
697, GPU[1].SA[10].CU[1].SIMD2, busy_time, 0.000000000000
698, GPU[1].SA[10].CU[1].SIMD3, busy_time, 0.000000000000
699, GPU[1].SA[10].CU[2].SIMD0, busy_time, 0.000000000000
700, GPU[1].SA[10].CU[2].SIMD1, busy_time, 0.000000000000
701, GPU[1].SA[10].CU[2].SIMD2, busy_time, 0.000000000000
702, GPU[1].SA[10].CU[2].SIMD3, busy_time, 0.000000000000
703, GPU[1].SA[10].CU[3].SIMD0, busy_time, 0.000000000000
704, GPU[1].SA[10].CU[3].SIMD1, busy_time, 0.000000000000
705, GPU[1].SA[10].CU[3].SIMD2, busy_time, 0.000000000000
706, GPU[1].SA[10].CU[3].SIMD3, busy_time, 0.000000000000
707, GPU[1].SA[11].CU[0].SIMD0, busy_time, 0.000000000000
708, GPU[1].SA[11].CU[0].SIMD1, busy_time, 0.000000000000
709, GPU[1].SA[11].CU[0].SIMD2, busy_time, 0.000000000000
710, GPU[1].SA[11].CU[0].SIMD3, busy_time, 0.000000000000
711, GPU[1].SA[11].CU[1].SIMD0, busy_time, 0.000000000000
712, GPU[1].SA[11].CU[1].SIMD1, busy_time, 0.000000000000
713, GPU[1].SA[11].CU[1].SIMD2, busy_time, 0.000000000000
714, GPU[1].SA[11].CU[1].SIMD3, busy_time, 0.000000000000
715, GPU[1].SA[11].CU[2].SIMD0, busy_time, 0.000000000000
716, GPU[1].SA[11].CU[2].SIMD1, busy_time, 0.000000000000
717, GPU[1].SA[11].CU[2].SIMD2, busy_time, 0.000000000000
718, GPU[1].SA[11].CU[2].SIMD3, busy_time, 0.000000000000
719, GPU[1].SA[11].CU[3].SIMD0, busy_time, 0.000000000000
720, GPU[1].SA[11].CU[3].SIMD1, busy_time, 0.000000000000
721, GPU[1].SA[11].CU[3].SIMD2, busy_time, 0.000000000000
722, GPU[1].SA[11].CU[3].SIMD3, busy_time, 0.000000000000
723, GPU[1].SA[12].CU[0].SIMD0, busy_time, 0.000000000000
724, GPU[1].SA[12].CU[0].SIMD1, busy_time, 0.000000000000
725, GPU[1].SA[12].CU[0].SIMD2, busy_time, 0.000000000000
726, GPU[1].SA[12].CU[0].SIMD3, busy_time, 0.000000000000
727, GPU[1].SA[12].CU[1].SIMD0, busy_time, 0.000000000000
728, GPU[1].SA[12].CU[1].SIMD1, busy_time, 0.000000000000
729, GPU[1].SA[12].CU[1].SIMD2, busy_time, 0.000000000000
730, GPU[1].SA[12].CU[1].SIMD3, busy_time, 0.000000000000
731, GPU[1].SA[12].CU[2].SIMD0, busy_time, 0.000000000000
732, GPU[1].SA[12].CU[2].SIMD1, busy_time, 0.000000000000
733, GPU[1].SA[12].CU[2].SIMD2, busy_time, 0.000000000000
734, GPU[1].SA[12].CU[2].SIMD3, busy_time, 0.000000000000
735, GPU[1].SA[12].CU[3].SIMD0, busy_time, 0.000000000000
736, GPU[1].SA[12].CU[3].SIMD1, busy_time, 0.000000000000
737, GPU[1].SA[12].CU[3].SIMD2, busy_time, 0.000000000000
738, GPU[1].SA[12].CU[3].SIMD3, busy_time, 0.000000000000
739, GPU[1].SA[13].CU[0].SIMD0, busy_time, 0.000000000000
740, GPU[1].SA[13].CU[0].SIMD1, busy_time, 0.000000000000
741, GPU[1].SA[13].CU[0].SIMD2, busy_time, 0.000000000000
742, GPU[1].SA[13].CU[0].SIMD3, busy_time, 0.000000000000
743, GPU[1].SA[13].CU[1].SIMD0, busy_time, 0.000000000000
744, GPU[1].SA[13].CU[1].SIMD1, busy_time, 0.000000000000
745, GPU[1].SA[13].CU[1].SIMD2, busy_time, 0.000000000000
746, GPU[1].SA[13].CU[1].SIMD3, busy_time, 0.000000000000
747, GPU[1].SA[13].CU[2].SIMD0, busy_time, 0.000000000000
748, GPU[1].SA[13].CU[2].SIMD1, busy_time, 0.000000000000
749, GPU[1].SA[13].CU[2].SIMD2, busy_time, 0.000000000000
750, GPU[1].SA[13].CU[2].SIMD3, busy_time, 0.000000000000
751, GPU[1].SA[13].CU[3].SIMD0, busy_time, 0.000000000000
752, GPU[1].SA[13].CU[3].SIMD1, busy_time, 0.000000000000
753, GPU[1].SA[13].CU[3].SIMD2, busy_time, 0.000000000000
754, GPU[1].SA[13].CU[3].SIMD3, busy_time, 0.000000000000
755, GPU[1].SA[14].CU[0].SIMD0, busy_time, 0.000000000000
756, GPU[1].SA[14].CU[0].SIMD1, busy_time, 0.000000000000
757, GPU[1].SA[14].CU[0].SIMD2, busy_time, 0.000000000000
758, GPU[1].SA[14].CU[0].SIMD3, busy_time, 0.000000000000
759, GPU[1].SA[14].CU[1].SIMD0, busy_time, 0.000000000000
760, GPU[1].SA[14].CU[1].SIMD1, busy_time, 0.000000000000
761, GPU[1].SA[14].CU[1].SIMD2, busy_time, 0.000000000000
762, GPU[1].SA[14].CU[1].SIMD3, busy_time, 0.000000000000
763, GPU[1].SA[14].CU[2].SIMD0, busy_time, 0.000000000000
764, GPU[1].SA[14].CU[2].SIMD1, busy_time, 0.000000000000
765, GPU[1].SA[14].CU[2].SIMD2, busy_time, 0.000000000000
766, GPU[1].SA[14].CU[2].SIMD3, busy_time, 0.000000000000
767, GPU[1].SA[14].CU[3].SIMD0, busy_time, 0.000000000000
768, GPU[1].SA[14].CU[3].SIMD1, busy_time, 0.000000000000
769, GPU[1].SA[14].CU[3].SIMD2, busy_time, 0.000000000000
770, GPU[1].SA[14].CU[3].SIMD3, busy_time, 0.000000000000
771, GPU[1].SA[15].CU[0].SIMD0, busy_time, 0.000000000000
772, GPU[1].SA[15].CU[0].SIMD1, busy_time, 0.000000000000
773, GPU[1].SA[15].CU[0].SIMD2, busy_time, 0.000000000000
774, GPU[1].SA[15].CU[0].SIMD3, busy_time, 0.000000000000
775, GPU[1].SA[15].CU[1].SIMD0, busy_time, 0.000000000000
776, GPU[1].SA[15].CU[1].SIMD1, busy_time, 0.000000000000
777, GPU[1].SA[15].CU[1].SIMD2, busy_time, 0.000000000000
778, GPU[1].SA[15].CU[1].SIMD3, busy_time, 0.000000000000
779, GPU[1].SA[15].CU[2].SIMD0, busy_time, 0.000000000000
780, GPU[1].SA[15].CU[2].SIMD1, busy_time, 0.000000000000
781, GPU[1].SA[15].CU[2].SIMD2, busy_time, 0.000000000000
782, GPU[1].SA[15].CU[2].SIMD3, busy_time, 0.000000000000
783, GPU[1].SA[15].CU[3].SIMD0, busy_time, 0.000000000000
784, GPU[1].SA[15].CU[3].SIMD1, busy_time, 0.000000000000
785, GPU[1].SA[15].CU[3].SIMD2, busy_time, 0.000000000000
786, GPU[1].SA[15].CU[3].SIMD3, busy_time, 0.000000000000
787, GPU[1].SA[0].L1ICache, req_average_latency, 0.000000042252
788, GPU[1].SA[0].L1SCache, req_average_latency, 0.000000037627
789, GPU[1].SA[0].L1VCache[0], req_average_latency, 0.000000063667
790, GPU[1].SA[0].L1VCache[1], req_average_latency, 0.000000063667
791, GPU[1].SA[0].L1VCache[2], req_average_latency, 0.000000063681
792, GPU[1].SA[0].L1VCache[3], req_average_latency, 0.000000064508
793, GPU[1].L2[0], req_average_latency, 0.000000042541
794, GPU[1].L2[1], req_average_latency, 0.000000027312
795, GPU[1].L2[2], req_average_latency, 0.000000027500
796, GPU[1].L2[3], req_average_latency, 0.000000027500
797, GPU[1].L2[4], req_average_latency, 0.000000027250
798, GPU[1].L2[5], req_average_latency, 0.000000027000
799, GPU[1].L2[6], req_average_latency, 0.000000027250
800, GPU[1].L2[7], req_average_latency, 0.000000027250
801, GPU[1].L2[8], req_average_latency, 0.000000027313
802, GPU[1].L2[9], req_average_latency, 0.000000002000
803, GPU[1].L2[10], req_average_latency, 0.000000002000
804, GPU[1].L2[11], req_average_latency, 0.000000002000
805, GPU[1].L2[12], req_average_latency, 0.000000002000
806, GPU[1].L2[13], req_average_latency, 0.000000002000
807, GPU[1].L2[14], req_average_latency, 0.000000002000
808, GPU[1].L2[15], req_average_latency, 0.000000002000
809, GPU[1].SA[0].L1VCache[0], read-hit, 61.000000000000
810, GPU[1].SA[0].L1VCache[0], read-miss, 6.000000000000
811, GPU[1].SA[0].L1VCache[0], read-mshr-hit, 0.000000000000
812, GPU[1].SA[0].L1VCache[0], write-hit, 1.000000000000
813, GPU[1].SA[0].L1VCache[0], write-miss, 1.000000000000
814, GPU[1].SA[0].L1VCache[0], write-mshr-hit, 0.000000000000
815, GPU[1].SA[0].L1VCache[1], read-hit, 61.000000000000
816, GPU[1].SA[0].L1VCache[1], read-miss, 6.000000000000
817, GPU[1].SA[0].L1VCache[1], read-mshr-hit, 0.000000000000
818, GPU[1].SA[0].L1VCache[1], write-hit, 1.000000000000
819, GPU[1].SA[0].L1VCache[1], write-miss, 1.000000000000
820, GPU[1].SA[0].L1VCache[1], write-mshr-hit, 0.000000000000
821, GPU[1].SA[0].L1VCache[2], read-hit, 61.000000000000
822, GPU[1].SA[0].L1VCache[2], read-miss, 6.000000000000
823, GPU[1].SA[0].L1VCache[2], read-mshr-hit, 0.000000000000
824, GPU[1].SA[0].L1VCache[2], write-hit, 1.000000000000
825, GPU[1].SA[0].L1VCache[2], write-miss, 1.000000000000
826, GPU[1].SA[0].L1VCache[2], write-mshr-hit, 0.000000000000
827, GPU[1].SA[0].L1VCache[3], read-hit, 60.000000000000
828, GPU[1].SA[0].L1VCache[3], read-miss, 5.000000000000
829, GPU[1].SA[0].L1VCache[3], read-mshr-hit, 0.000000000000
830, GPU[1].SA[0].L1VCache[3], write-hit, 0.000000000000
831, GPU[1].SA[0].L1VCache[3], write-miss, 0.000000000000
832, GPU[1].SA[0].L1VCache[3], write-mshr-hit, 0.000000000000
833, GPU[1].SA[0].L1SCache, read-hit, 76.000000000000
834, GPU[1].SA[0].L1SCache, read-miss, 8.000000000000
835, GPU[1].SA[0].L1SCache, read-mshr-hit, 0.000000000000
836, GPU[1].SA[0].L1SCache, write-hit, 0.000000000000
837, GPU[1].SA[0].L1SCache, write-miss, 0.000000000000
838, GPU[1].SA[0].L1SCache, write-mshr-hit, 0.000000000000
839, GPU[1].SA[0].L1ICache, read-hit, 1350.000000000000
840, GPU[1].SA[0].L1ICache, read-miss, 56.000000000000
841, GPU[1].SA[0].L1ICache, read-mshr-hit, 0.000000000000
842, GPU[1].SA[0].L1ICache, write-hit, 0.000000000000
843, GPU[1].SA[0].L1ICache, write-miss, 0.000000000000
844, GPU[1].SA[0].L1ICache, write-mshr-hit, 0.000000000000
845, GPU[1].L2[0], read-hit, 0.000000000000
846, GPU[1].L2[0], read-miss, 23.000000000000
847, GPU[1].L2[0], read-mshr-hit, 0.000000000000
848, GPU[1].L2[0], write-hit, 3.000000000000
849, GPU[1].L2[0], write-miss, 3.000000000000
850, GPU[1].L2[0], write-mshr-hit, 0.000000000000
851, GPU[1].L2[1], read-hit, 0.000000000000
852, GPU[1].L2[1], read-miss, 8.000000000000
853, GPU[1].L2[1], read-mshr-hit, 0.000000000000
854, GPU[1].L2[1], write-hit, 0.000000000000
855, GPU[1].L2[1], write-miss, 0.000000000000
856, GPU[1].L2[1], write-mshr-hit, 0.000000000000
857, GPU[1].L2[2], read-hit, 0.000000000000
858, GPU[1].L2[2], read-miss, 8.000000000000
859, GPU[1].L2[2], read-mshr-hit, 0.000000000000
860, GPU[1].L2[2], write-hit, 0.000000000000
861, GPU[1].L2[2], write-miss, 0.000000000000
862, GPU[1].L2[2], write-mshr-hit, 0.000000000000
863, GPU[1].L2[3], read-hit, 0.000000000000
864, GPU[1].L2[3], read-miss, 8.000000000000
865, GPU[1].L2[3], read-mshr-hit, 0.000000000000
866, GPU[1].L2[3], write-hit, 0.000000000000
867, GPU[1].L2[3], write-miss, 0.000000000000
868, GPU[1].L2[3], write-mshr-hit, 0.000000000000
869, GPU[1].L2[4], read-hit, 0.000000000000
870, GPU[1].L2[4], read-miss, 8.000000000000
871, GPU[1].L2[4], read-mshr-hit, 0.000000000000
872, GPU[1].L2[4], write-hit, 0.000000000000
873, GPU[1].L2[4], write-miss, 0.000000000000
874, GPU[1].L2[4], write-mshr-hit, 0.000000000000
875, GPU[1].L2[5], read-hit, 0.000000000000
876, GPU[1].L2[5], read-miss, 8.000000000000
877, GPU[1].L2[5], read-mshr-hit, 0.000000000000
878, GPU[1].L2[5], write-hit, 0.000000000000
879, GPU[1].L2[5], write-miss, 0.000000000000
880, GPU[1].L2[5], write-mshr-hit, 0.000000000000
881, GPU[1].L2[6], read-hit, 0.000000000000
882, GPU[1].L2[6], read-miss, 8.000000000000
883, GPU[1].L2[6], read-mshr-hit, 0.000000000000
884, GPU[1].L2[6], write-hit, 0.000000000000
885, GPU[1].L2[6], write-miss, 0.000000000000
886, GPU[1].L2[6], write-mshr-hit, 0.000000000000
887, GPU[1].L2[7], read-hit, 0.000000000000
888, GPU[1].L2[7], read-miss, 8.000000000000
889, GPU[1].L2[7], read-mshr-hit, 0.000000000000
890, GPU[1].L2[7], write-hit, 0.000000000000
891, GPU[1].L2[7], write-miss, 0.000000000000
892, GPU[1].L2[7], write-mshr-hit, 0.000000000000
893, GPU[1].L2[8], read-hit, 0.000000000000
894, GPU[1].L2[8], read-miss, 8.000000000000
895, GPU[1].L2[8], read-mshr-hit, 0.000000000000
896, GPU[1].L2[8], write-hit, 0.000000000000
897, GPU[1].L2[8], write-miss, 0.000000000000
898, GPU[1].L2[8], write-mshr-hit, 0.000000000000
899, GPU[1].SA[0].L1VTLB[0], hit, 64.000000000000
900, GPU[1].SA[0].L1VTLB[0], hit-ratio, 0.000000000000
901, GPU[1].SA[0].L1VTLB[0], miss, 4.000000000000
902, GPU[1].SA[0].L1VTLB[0], miss-raiot, 0.000000000000
903, GPU[1].SA[0].L1VTLB[0], mshr-hit, 1.000000000000
904, GPU[1].SA[0].L1VTLB[1], hit, 64.000000000000
905, GPU[1].SA[0].L1VTLB[1], hit-ratio, 0.000000000000
906, GPU[1].SA[0].L1VTLB[1], miss, 4.000000000000
907, GPU[1].SA[0].L1VTLB[1], miss-raiot, 0.000000000000
908, GPU[1].SA[0].L1VTLB[1], mshr-hit, 1.000000000000
909, GPU[1].SA[0].L1VTLB[2], hit, 64.000000000000
910, GPU[1].SA[0].L1VTLB[2], hit-ratio, 0.000000000000
911, GPU[1].SA[0].L1VTLB[2], miss, 4.000000000000
912, GPU[1].SA[0].L1VTLB[2], miss-raiot, 0.000000000000
913, GPU[1].SA[0].L1VTLB[2], mshr-hit, 1.000000000000
914, GPU[1].SA[0].L1VTLB[3], hit, 62.000000000000
915, GPU[1].SA[0].L1VTLB[3], hit-ratio, 0.000000000000
916, GPU[1].SA[0].L1VTLB[3], miss, 2.000000000000
917, GPU[1].SA[0].L1VTLB[3], miss-raiot, 0.000000000000
918, GPU[1].SA[0].L1VTLB[3], mshr-hit, 1.000000000000
919, GPU[1].SA[0].L1STLB, hit, 12.000000000000
920, GPU[1].SA[0].L1STLB, hit-ratio, 0.000000000000
921, GPU[1].SA[0].L1STLB, miss, 8.000000000000
922, GPU[1].SA[0].L1STLB, miss-raiot, 0.000000000000
923, GPU[1].SA[0].L1STLB, mshr-hit, 184.000000000000
924, GPU[1].SA[0].L1ITLB, hit, 52.000000000000
925, GPU[1].SA[0].L1ITLB, hit-ratio, 0.000000000000
926, GPU[1].SA[0].L1ITLB, miss, 4.000000000000
927, GPU[1].SA[0].L1ITLB, miss-raiot, 0.000000000000
928, GPU[1].SA[0].L1ITLB, mshr-hit, 0.000000000000
929, GPU[1].L2TLB, hit, 10.000000000000
930, GPU[1].L2TLB, hit-ratio, 0.000000000000
931, GPU[1].L2TLB, miss, 16.000000000000
932, GPU[1].L2TLB, miss-raiot, 0.000000000000
933, GPU[1].L2TLB, mshr-hit, 0.000000000000
934, GPU[1].RDMA, outgoing_trans_count, 0.000000000000
935, GPU[1].RDMA, incoming_trans_count, 0.000000000000
936, GPU[1].DRAM[0], read_trans_count, 32.000000000000
937, GPU[1].DRAM[0], write_trans_count, 31.000000000000
938, GPU[1].DRAM[0], read_avg_latency, 0.000000000000
939, GPU[1].DRAM[0], write_avg_latency, 0.000000000000
940, GPU[1].DRAM[0], read_size, 1808.000000000000
941, GPU[1].DRAM[0], write_size, 1628.000000000000
942, GPU[1].DRAM[1], read_trans_count, 10.000000000000
943, GPU[1].DRAM[1], write_trans_count, 12.000000000000
944, GPU[1].DRAM[1], read_avg_latency, 0.000000000000
945, GPU[1].DRAM[1], write_avg_latency, 0.000000000000
946, GPU[1].DRAM[1], read_size, 640.000000000000
947, GPU[1].DRAM[1], write_size, 768.000000000000
948, GPU[1].DRAM[2], read_trans_count, 8.000000000000
949, GPU[1].DRAM[2], write_trans_count, 9.000000000000
950, GPU[1].DRAM[2], read_avg_latency, 0.000000000000
951, GPU[1].DRAM[2], write_avg_latency, 0.000000000000
952, GPU[1].DRAM[2], read_size, 512.000000000000
953, GPU[1].DRAM[2], write_size, 516.000000000000
954, GPU[1].DRAM[3], read_trans_count, 8.000000000000
955, GPU[1].DRAM[3], write_trans_count, 8.000000000000
956, GPU[1].DRAM[3], read_avg_latency, 0.000000000000
957, GPU[1].DRAM[3], write_avg_latency, 0.000000000000
958, GPU[1].DRAM[3], read_size, 512.000000000000
959, GPU[1].DRAM[3], write_size, 512.000000000000
960, GPU[1].DRAM[4], read_trans_count, 8.000000000000
961, GPU[1].DRAM[4], write_trans_count, 8.000000000000
962, GPU[1].DRAM[4], read_avg_latency, 0.000000000000
963, GPU[1].DRAM[4], write_avg_latency, 0.000000000000
964, GPU[1].DRAM[4], read_size, 512.000000000000
965, GPU[1].DRAM[4], write_size, 512.000000000000
966, GPU[1].DRAM[5], read_trans_count, 8.000000000000
967, GPU[1].DRAM[5], write_trans_count, 8.000000000000
968, GPU[1].DRAM[5], read_avg_latency, 0.000000000000
969, GPU[1].DRAM[5], write_avg_latency, 0.000000000000
970, GPU[1].DRAM[5], read_size, 512.000000000000
971, GPU[1].DRAM[5], write_size, 512.000000000000
972, GPU[1].DRAM[6], read_trans_count, 8.000000000000
973, GPU[1].DRAM[6], write_trans_count, 8.000000000000
974, GPU[1].DRAM[6], read_avg_latency, 0.000000000000
975, GPU[1].DRAM[6], write_avg_latency, 0.000000000000
976, GPU[1].DRAM[6], read_size, 512.000000000000
977, GPU[1].DRAM[6], write_size, 512.000000000000
978, GPU[1].DRAM[7], read_trans_count, 8.000000000000
979, GPU[1].DRAM[7], write_trans_count, 4.000000000000
980, GPU[1].DRAM[7], read_avg_latency, 0.000000000000
981, GPU[1].DRAM[7], write_avg_latency, 0.000000000000
982, GPU[1].DRAM[7], read_size, 512.000000000000
983, GPU[1].DRAM[7], write_size, 32.000000000000
984, GPU[1].DRAM[8], read_trans_count, 8.000000000000
985, GPU[1].DRAM[8], write_trans_count, 0.000000000000
986, GPU[1].DRAM[8], read_avg_latency, 0.000000000000
987, GPU[1].DRAM[8], write_avg_latency, 0.000000000000
988, GPU[1].DRAM[8], read_size, 512.000000000000
989, GPU[1].DRAM[8], write_size, 0.000000000000
990, GPU[1].DRAM[9], read_trans_count, 0.000000000000
991, GPU[1].DRAM[9], write_trans_count, 0.000000000000
992, GPU[1].DRAM[9], read_avg_latency, 0.000000000000
993, GPU[1].DRAM[9], write_avg_latency, 0.000000000000
994, GPU[1].DRAM[9], read_size, 0.000000000000
995, GPU[1].DRAM[9], write_size, 0.000000000000
996, GPU[1].DRAM[10], read_trans_count, 0.000000000000
997, GPU[1].DRAM[10], write_trans_count, 0.000000000000
998, GPU[1].DRAM[10], read_avg_latency, 0.000000000000
999, GPU[1].DRAM[10], write_avg_latency, 0.000000000000
1000, GPU[1].DRAM[10], read_size, 0.000000000000
1001, GPU[1].DRAM[10], write_size, 0.000000000000
1002, GPU[1].DRAM[11], read_trans_count, 0.000000000000
1003, GPU[1].DRAM[11], write_trans_count, 0.000000000000
1004, GPU[1].DRAM[11], read_avg_latency, 0.000000000000
1005, GPU[1].DRAM[11], write_avg_latency, 0.000000000000
1006, GPU[1].DRAM[11], read_size, 0.000000000000
1007, GPU[1].DRAM[11], write_size, 0.000000000000
1008, GPU[1].DRAM[12], read_trans_count, 0.000000000000
1009, GPU[1].DRAM[12], write_trans_count, 0.000000000000
1010, GPU[1].DRAM[12], read_avg_latency, 0.000000000000
1011, GPU[1].DRAM[12], write_avg_latency, 0.000000000000
1012, GPU[1].DRAM[12], read_size, 0.000000000000
1013, GPU[1].DRAM[12], write_size, 0.000000000000
1014, GPU[1].DRAM[13], read_trans_count, 0.000000000000
1015, GPU[1].DRAM[13], write_trans_count, 0.000000000000
1016, GPU[1].DRAM[13], read_avg_latency, 0.000000000000
1017, GPU[1].DRAM[13], write_avg_latency, 0.000000000000
1018, GPU[1].DRAM[13], read_size, 0.000000000000
1019, GPU[1].DRAM[13], write_size, 0.000000000000
1020, GPU[1].DRAM[14], read_trans_count, 0.000000000000
1021, GPU[1].DRAM[14], write_trans_count, 0.000000000000
1022, GPU[1].DRAM[14], read_avg_latency, 0.000000000000
1023, GPU[1].DRAM[14], write_avg_latency, 0.000000000000
1024, GPU[1].DRAM[14], read_size, 0.000000000000
1025, GPU[1].DRAM[14], write_size, 0.000000000000
1026, GPU[1].DRAM[15], read_trans_count, 0.000000000000
1027, GPU[1].DRAM[15], write_trans_count, 0.000000000000
1028, GPU[1].DRAM[15], read_avg_latency, 0.000000000000
1029, GPU[1].DRAM[15], write_avg_latency, 0.000000000000
1030, GPU[1].DRAM[15], read_size, 0.000000000000
1031, GPU[1].DRAM[15], write_size, 0.000000000000
